{"cameraMode":{"drawMode":0,"name":"Shaded","section":"Shading Mode"},"sceneLighting":true,"audioPlay":false,"sceneViewState":{"m_AlwaysRefresh":false,"showFog":true,"showSkybox":true,"showFlares":true,"showImageEffects":true,"showParticleSystems":true,"showVisualEffectGraphs":true,"m_FxEnabled":true},"in2DMode":false,"pivot":{"x":656.6985473632813,"y":1.68690824508667,"z":799.2890014648438},"rotation":{"x":-0.00046128654503263533,"y":-0.6763278841972351,"z":0.0012875337852165104,"w":-0.7368746399879456},"size":2.81622314453125,"orthographic":false}