{"cameraMode":{"drawMode":0,"name":"Shaded","section":"Shading Mode"},"sceneLighting":true,"audioPlay":false,"sceneViewState":{"m_AlwaysRefresh":false,"showFog":true,"showSkybox":true,"showFlares":true,"showImageEffects":true,"showParticleSystems":true,"showVisualEffectGraphs":true,"m_FxEnabled":true},"in2DMode":false,"pivot":{"x":492.0685119628906,"y":-50.606605529785159,"z":710.8040161132813},"rotation":{"x":-0.0026882560923695566,"y":0.7681699991226196,"z":-0.6402344107627869,"w":-0.003225658554583788},"size":238.9016571044922,"orthographic":false}