{"cameraMode":{"drawMode":0,"name":"Shaded","section":"Shading Mode"},"sceneLighting":true,"audioPlay":false,"sceneViewState":{"m_AlwaysRefresh":false,"showFog":true,"showSkybox":true,"showFlares":true,"showImageEffects":true,"showParticleSystems":true,"showVisualEffectGraphs":true,"m_FxEnabled":true},"in2DMode":false,"pivot":{"x":200.4285888671875,"y":245.49472045898438,"z":-0.02887725830078125},"rotation":{"x":-0.0069105480797588829,"y":-0.008713949471712113,"z":0.0001651086495257914,"w":-1.000026822090149},"size":244.12171936035157,"orthographic":false}