{"cameraMode":{"drawMode":0,"name":"Shaded","section":"Shading Mode"},"sceneLighting":true,"audioPlay":false,"sceneViewState":{"m_AlwaysRefresh":false,"showFog":true,"showSkybox":true,"showFlares":true,"showImageEffects":true,"showParticleSystems":true,"showVisualEffectGraphs":true,"m_FxEnabled":true},"in2DMode":false,"pivot":{"x":492.4700012207031,"y":-38.246742248535159,"z":607.7736206054688},"rotation":{"x":-0.6076144576072693,"y":-0.00022395279665943235,"z":0.0017671235837042332,"w":-0.7946500778198242},"size":144.02081298828126,"orthographic":false}